Cities,Level,start,end
Beijing,Yellow,13/11/2018,15/11/2018
Beijing,Yellow,24/11/2018,27/11/2018
Beijing,Yellow,01/12/2018,03/12/2018
Beijing,Yellow,15/11/2020,17/11/2020
Beijing,Yellow,11/02/2021,14/02/2021
Beijing,Yellow,26/02/2021,01/03/2021
Beijing,Yellow,10/03/2021,15/03/2021
Beijing,Yellow,04/11/2021,06/11/2021
Tianjin,Yellow,13/11/2018,15/11/2018
Tianjin,Yellow,23/11/2018,27/11/2018
Tianjin,Yellow,30/11/2018,03/12/2018
Tianjin,Yellow,11/01/2019,15/01/2019
Tianjin,Yellow,19/10/2019,20/10/2019
Tianjin,Yellow,20/12/2019,25/12/2019
Tianjin,Yellow,27/12/2019,29/12/2019
Tianjin,Yellow,09/01/2020,10/01/2020
Tianjin,Yellow,14/11/2020,17/11/2020
Tianjin,Yellow,09/03/2021,15/03/2021
Tianjin,Yellow,03/11/2021,06/11/2021
Shijiazhuang,Yellow,15/11/2019,17/11/2019
Shijiazhuang,Yellow,14/10/2020,16/10/2020
Shijiazhuang,Yellow,21/10/2020,23/10/2020
Tangshan,Yellow,07/12/2019,10/12/2019
Qinhuangdao,Yellow,06/12/2019,12/12/2019
Qinhuangdao,Yellow,23/12/2019,25/12/2019
Handan,Yellow,19/12/2018,22/12/2018
Handan,Yellow,02/01/2019,03/01/2019
Handan,Yellow,14/10/2019,16/10/2019
Handan,Yellow,22/10/2019,23/10/2019
Handan,Yellow,28/10/2019,01/11/2019
Baoding,Yellow,15/11/2019,18/11/2019
Baoding,Yellow,28/11/2019,02/12/2019
Baoding,Yellow,14/10/2020,23/10/2020
Chengde,Yellow,08/03/2021,14/03/2021
Cangzhou,Yellow,07/12/2019,09/12/2019
Cangzhou,Yellow,27/10/2020,01/11/2020
Cangzhou,Yellow,24/11/2020,27/11/2020
Cangzhou,Yellow,30/11/2020,06/12/2020
Langfang,Yellow,28/11/2019,02/12/2019
Langfang,Yellow,07/12/2019,09/12/2019
Langfang,Yellow,16/01/2020,23/01/2020
Langfang,Yellow,23/10/2020,23/10/2020
Langfang,Yellow,27/10/2020,31/10/2020
Langfang,Yellow,24/11/2020,26/11/2020
Hengshui,Yellow,15/11/2019,17/11/2019
Hengshui,Yellow,24/11/2020,27/11/2020
Zhangjiakou,Yellow,10/03/2021,14/03/2021
Taiyuan,Yellow,13/11/2018,15/11/2018
Taiyuan,Yellow,24/11/2018,27/11/2018
Taiyuan,Yellow,30/11/2018,30/11/2018
Taiyuan,Yellow,19/12/2018,21/12/2018
Taiyuan,Yellow,28/01/2019,30/01/2019
Taiyuan,Yellow,05/03/2019,31/03/2019
Taiyuan,Yellow,10/10/2019,13/10/2019
Taiyuan,Yellow,17/10/2019,19/10/2019
Taiyuan,Yellow,20/11/2019,23/11/2019
Taiyuan,Yellow,29/11/2019,30/11/2019
Datong,Yellow,18/10/2019,23/10/2019
Datong,Yellow,03/01/2020,04/01/2020
Yangquan,Yellow,02/11/2018,05/11/2018
Yangquan,Yellow,12/11/2018,14/11/2018
Yangquan,Yellow,10/10/2019,10/10/2019
Yangquan,Yellow,20/11/2019,21/11/2019
Changzhi,Yellow,11/10/2019,14/10/2019
Changzhi,Yellow,18/10/2019,23/10/2019
Changzhi,Yellow,20/11/2019,24/11/2019
Changzhi,Yellow,05/12/2019,07/12/2019
Changzhi,Yellow,03/01/2020,04/01/2020
Jincheng,Yellow,13/11/2018,16/11/2018
Jincheng,Yellow,23/11/2018,29/11/2018
Jincheng,Yellow,05/12/2018,05/12/2018
Jincheng,Yellow,10/01/2019,14/01/2019
Jincheng,Yellow,20/01/2019,21/01/2019
Jincheng,Yellow,23/01/2019,31/01/2019
Jincheng,Yellow,11/02/2019,15/02/2019
Jincheng,Yellow,03/03/2019,06/03/2019
Jincheng,Yellow,11/10/2019,13/10/2019
Jincheng,Yellow,17/10/2019,19/10/2019
Jincheng,Yellow,19/11/2019,21/11/2019
Jincheng,Yellow,28/11/2019,29/11/2019
Shuozhou,Yellow,18/10/2019,23/10/2019
Shuozhou,Yellow,01/11/2019,03/11/2019
Shuozhou,Yellow,28/11/2019,30/11/2019
Jinzhong,Yellow,13/11/2018,16/11/2018
Jinzhong,Yellow,24/11/2018,26/11/2018
Jinzhong,Yellow,09/12/2018,11/12/2018
Jinzhong,Yellow,16/03/2019,24/03/2019
Jinzhong,Yellow,10/10/2019,14/10/2019
Jinzhong,Yellow,18/10/2019,19/10/2019
Jinzhong,Yellow,14/11/2019,15/11/2019
Jinzhong,Yellow,20/11/2019,23/11/2019
Jinzhong,Yellow,29/11/2019,30/11/2019
Jinzhong,Yellow,05/12/2019,09/12/2019
Jinzhong,Yellow,02/01/2020,02/01/2020
Yuncheng,Yellow,08/12/2018,12/12/2018
Yuncheng,Yellow,23/01/2019,29/01/2019
Yuncheng,Yellow,12/02/2019,15/02/2019
Yuncheng,Yellow,06/03/2019,22/03/2019
Yuncheng,Yellow,10/10/2019,14/10/2019
Yuncheng,Yellow,18/10/2019,19/10/2019
Yuncheng,Yellow,14/11/2019,17/11/2019
Yuncheng,Yellow,21/11/2019,23/11/2019
Yuncheng,Yellow,01/01/2020,01/01/2020
Yuncheng,Yellow,06/01/2020,06/01/2020
Yuncheng,Yellow,19/02/2020,27/02/2020
Xinzhou,Yellow,10/10/2019,11/10/2019
Xinzhou,Yellow,18/10/2019,19/10/2019
Xinzhou,Yellow,04/11/2019,09/11/2019
Xinzhou,Yellow,20/11/2019,23/11/2019
Xinzhou,Yellow,05/12/2019,09/12/2019
Linfen,Yellow,13/11/2018,16/11/2018
Linfen,Yellow,23/11/2018,28/11/2018
Linfen,Yellow,16/03/2019,31/03/2019
Linfen,Yellow,10/10/2019,13/10/2019
Linfen,Yellow,17/10/2019,19/10/2019
Linfen,Yellow,27/11/2019,01/12/2019
Linfen,Yellow,04/12/2019,05/12/2019
Linfen,Yellow,01/01/2020,01/01/2020
Linfen,Yellow,25/02/2020,01/03/2020
Lvliang,Yellow,18/10/2019,19/10/2019
Lvliang,Yellow,20/11/2019,25/11/2019
Lvliang,Yellow,27/11/2019,29/11/2019
Jinan,Yellow,18/01/2019,20/01/2019
Qingdao,Yellow,22/10/2019,24/10/2019
Qingdao,Yellow,21/12/2019,22/12/2019
Qingdao,Yellow,06/12/2020,07/12/2020
Qingdao,Yellow,10/12/2020,10/12/2020
Qingdao,Yellow,21/12/2020,25/12/2020
Zibo,Yellow,01/11/2018,05/11/2018
Zaozhuang,Yellow,19/10/2019,21/10/2019
Dongying,Yellow,04/11/2019,07/11/2019
Dongying,Yellow,18/12/2020,19/12/2020
Dongying,Yellow,06/01/2022,10/01/2022
Yantai,Yellow,20/10/2019,21/10/2019
Yantai,Yellow,14/12/2020,14/12/2020
Weifang,Yellow,19/10/2019,20/10/2019
Weifang,Yellow,15/12/2021,16/12/2021
Weifang,Yellow,20/12/2021,28/12/2021
Jining,Yellow,18/01/2019,20/01/2019
Jining,Yellow,26/10/2020,01/11/2020
Jining,Yellow,09/11/2020,13/11/2020
Jining,Yellow,14/12/2020,15/12/2020
Jining,Yellow,14/11/2021,15/11/2021
Taian,Yellow,17/10/2019,18/10/2019
Taian,Yellow,04/11/2019,10/11/2019
Taian,Yellow,09/11/2020,17/11/2020
Taian,Yellow,03/12/2020,04/12/2020
Taian,Yellow,14/12/2020,15/12/2020
Weihai,Yellow,23/10/2019,25/10/2019
Weihai,Yellow,10/12/2019,12/12/2019
Weihai,Yellow,11/12/2020,13/12/2020
Weihai,Yellow,22/12/2020,25/12/2020
Rizhao,Yellow,23/10/2019,25/10/2019
Rizhao,Yellow,21/11/2019,22/11/2019
Rizhao,Yellow,09/12/2019,11/12/2019
Rizhao,Yellow,21/12/2019,24/12/2019
Rizhao,Yellow,09/11/2020,13/11/2020
Rizhao,Yellow,30/11/2020,30/11/2020
Rizhao,Yellow,14/12/2020,15/12/2020
Linyi,Yellow,04/11/2019,08/11/2019
Linyi,Yellow,20/11/2019,22/11/2019
Linyi,Yellow,03/01/2021,04/01/2021
Dezhou,Yellow,18/01/2019,19/01/2019
Dezhou,Yellow,21/11/2019,24/11/2019
Liaocheng,Yellow,18/01/2019,20/01/2019
Liaocheng,Yellow,04/11/2019,06/11/2019
Liaocheng,Yellow,21/11/2019,24/11/2019
Liaocheng,Yellow,14/12/2020,15/12/2020
Binzhou,Yellow,13/11/2018,13/11/2018
Binzhou,Yellow,19/02/2019,20/02/2019
Binzhou,Yellow,19/10/2019,25/10/2019
Binzhou,Yellow,21/11/2019,22/11/2019
Binzhou,Yellow,03/01/2020,06/01/2020
Binzhou,Yellow,10/01/2020,23/01/2020
Binzhou,Yellow,05/12/2020,10/12/2020
Heze,Yellow,18/01/2019,20/01/2019
Heze,Yellow,21/11/2019,24/11/2019
Zhengzhou,Yellow,09/12/2018,09/12/2018
Zhengzhou,Yellow,14/02/2019,17/02/2019
Zhengzhou,Yellow,13/03/2019,13/03/2019
Zhengzhou,Yellow,17/03/2019,20/03/2019
Zhengzhou,Yellow,02/12/2019,03/12/2019
Zhengzhou,Yellow,27/01/2021,06/02/2021
Zhengzhou,Yellow,27/02/2021,01/03/2021
Zhengzhou,Yellow,02/11/2021,07/11/2021
Zhengzhou,Yellow,07/12/2021,15/12/2021
Kaifeng,Yellow,10/12/2018,11/12/2018
Kaifeng,Yellow,23/01/2019,26/01/2019
Kaifeng,Yellow,17/11/2021,23/11/2021
Kaifeng,Yellow,07/12/2021,15/12/2021
Luoyang,Yellow,09/12/2018,14/12/2018
Luoyang,Yellow,01/03/2019,02/03/2019
Luoyang,Yellow,14/03/2019,31/03/2019
Luoyang,Yellow,07/12/2021,12/12/2021
Pingdingshan,Yellow,02/01/2021,17/01/2021
Pingdingshan,Yellow,17/11/2021,22/11/2021
Anyang,Yellow,07/12/2018,09/12/2018
Anyang,Yellow,02/01/2021,17/01/2021
Hebi,Yellow,10/12/2018,12/12/2018
Hebi,Yellow,02/01/2021,17/01/2021
Hebi,Yellow,16/11/2021,22/11/2021
Xinxiang,Yellow,02/01/2021,17/01/2021
Jiaozuo,Yellow,09/12/2018,11/12/2018
Jiaozuo,Yellow,02/01/2021,17/01/2021
Jiaozuo,Yellow,16/11/2021,21/11/2021
Puyang,Yellow,05/12/2018,06/12/2018
Puyang,Yellow,10/12/2018,12/12/2018
Puyang,Yellow,02/01/2021,17/01/2021
Xuchang,Yellow,02/12/2019,03/12/2019
Xuchang,Yellow,02/01/2021,17/01/2021
Xuchang,Yellow,06/12/2021,13/12/2021
Luohe,Yellow,16/11/2021,22/11/2021
Sanmenxia,Yellow,09/12/2018,13/12/2018
Sanmenxia,Yellow,17/01/2019,21/02/2019
Sanmenxia,Yellow,02/03/2019,06/03/2019
Sanmenxia,Yellow,06/12/2021,12/12/2021
Nanyang,Yellow,02/01/2021,17/01/2021
Shangqiu,Yellow,17/11/2021,21/11/2021
Shangqiu,Yellow,24/11/2021,30/11/2021
Shangqiu,Yellow,07/12/2021,15/12/2021
Shangqiu,Yellow,01/01/2022,03/01/2022
Xinyang,Yellow,02/11/2019,10/11/2019
Zhoukou,Yellow,17/11/2021,30/11/2021
Zhoukou,Yellow,06/12/2021,12/12/2021
Zhumadian,Yellow,06/12/2021,15/12/2021
Beijing,Orange,22/02/2019,24/02/2019
Beijing,Orange,02/03/2019,04/03/2019
Beijing,Orange,01/10/2019,02/10/2019
Beijing,Orange,24/01/2021,25/01/2021
Tianjin,Orange,21/02/2019,25/02/2019
Tianjin,Orange,28/02/2019,05/03/2019
Tianjin,Orange,01/10/2019,01/10/2019
Tianjin,Orange,20/11/2019,23/11/2019
Tianjin,Orange,07/12/2019,10/12/2019
Tianjin,Orange,15/01/2020,19/01/2020
Tianjin,Orange,20/12/2020,23/12/2020
Shijiazhuang,Orange,19/10/2018,22/10/2018
Shijiazhuang,Orange,31/10/2018,05/11/2018
Shijiazhuang,Orange,11/11/2018,16/11/2018
Shijiazhuang,Orange,22/11/2018,04/12/2018
Shijiazhuang,Orange,24/12/2018,26/12/2018
Shijiazhuang,Orange,03/01/2019,19/01/2019
Shijiazhuang,Orange,28/01/2019,31/01/2019
Shijiazhuang,Orange,16/02/2019,21/03/2019
Shijiazhuang,Orange,01/10/2019,04/10/2019
Shijiazhuang,Orange,16/10/2019,25/10/2019
Shijiazhuang,Orange,01/11/2019,10/11/2019
Shijiazhuang,Orange,20/11/2019,24/11/2019
Shijiazhuang,Orange,28/11/2019,02/12/2019
Shijiazhuang,Orange,07/12/2019,29/12/2019
Shijiazhuang,Orange,02/01/2020,13/01/2020
Shijiazhuang,Orange,16/01/2020,16/01/2020
Shijiazhuang,Orange,20/01/2020,23/01/2020
Shijiazhuang,Orange,26/01/2020,02/02/2020
Shijiazhuang,Orange,05/02/2020,14/02/2020
Shijiazhuang,Orange,17/10/2020,20/10/2020
Shijiazhuang,Orange,24/10/2020,27/10/2020
Shijiazhuang,Orange,09/11/2020,18/11/2020
Shijiazhuang,Orange,23/11/2020,26/11/2020
Shijiazhuang,Orange,30/11/2020,13/12/2020
Shijiazhuang,Orange,15/12/2020,31/12/2020
Shijiazhuang,Orange,03/01/2021,05/01/2021
Shijiazhuang,Orange,08/02/2021,15/02/2021
Shijiazhuang,Orange,09/03/2021,14/03/2021
Shijiazhuang,Orange,27/10/2021,13/11/2021
Shijiazhuang,Orange,17/11/2021,19/11/2021
Shijiazhuang,Orange,25/11/2021,30/11/2021
Shijiazhuang,Orange,03/12/2021,31/12/2021
Shijiazhuang,Orange,07/01/2022,10/01/2022
Shijiazhuang,Orange,25/01/2022,29/01/2022
Tangshan,Orange,19/10/2018,25/10/2018
Tangshan,Orange,31/10/2018,04/11/2018
Tangshan,Orange,10/11/2018,16/11/2018
Tangshan,Orange,22/11/2018,03/12/2018
Tangshan,Orange,09/12/2018,03/01/2019
Tangshan,Orange,08/01/2019,14/01/2019
Tangshan,Orange,17/01/2019,19/01/2019
Tangshan,Orange,22/01/2019,25/01/2019
Tangshan,Orange,28/01/2019,30/01/2019
Tangshan,Orange,16/02/2019,28/02/2019
Tangshan,Orange,16/03/2019,20/03/2019
Tangshan,Orange,01/10/2019,04/10/2019
Tangshan,Orange,15/10/2019,24/10/2019
Tangshan,Orange,31/10/2019,07/11/2019
Tangshan,Orange,19/11/2019,24/11/2019
Tangshan,Orange,13/12/2019,17/12/2019
Tangshan,Orange,23/12/2019,26/12/2019
Tangshan,Orange,02/01/2020,07/01/2020
Tangshan,Orange,15/01/2020,23/01/2020
Tangshan,Orange,26/01/2020,01/02/2020
Tangshan,Orange,05/02/2020,14/02/2020
Tangshan,Orange,18/02/2020,24/02/2020
Tangshan,Orange,19/10/2020,21/10/2020
Tangshan,Orange,23/10/2020,01/11/2020
Tangshan,Orange,09/11/2020,18/11/2020
Tangshan,Orange,07/12/2020,12/12/2020
Tangshan,Orange,03/01/2021,05/01/2021
Tangshan,Orange,22/01/2021,29/01/2021
Tangshan,Orange,08/02/2021,15/02/2021
Tangshan,Orange,23/02/2021,05/03/2021
Tangshan,Orange,07/03/2021,15/03/2021
Tangshan,Orange,28/10/2021,07/11/2021
Tangshan,Orange,15/11/2021,21/11/2021
Tangshan,Orange,24/11/2021,29/11/2021
Tangshan,Orange,03/12/2021,15/12/2021
Tangshan,Orange,19/12/2021,31/12/2021
Tangshan,Orange,03/01/2022,10/01/2022
Tangshan,Orange,24/01/2022,29/01/2022
Qinhuangdao,Orange,01/10/2019,04/10/2019
Qinhuangdao,Orange,20/10/2019,24/10/2019
Qinhuangdao,Orange,01/11/2019,07/11/2019
Qinhuangdao,Orange,20/11/2019,24/11/2019
Qinhuangdao,Orange,13/12/2019,17/12/2019
Qinhuangdao,Orange,24/10/2020,01/11/2020
Qinhuangdao,Orange,09/11/2020,18/11/2020
Qinhuangdao,Orange,07/12/2020,11/12/2020
Qinhuangdao,Orange,23/01/2021,26/01/2021
Qinhuangdao,Orange,08/02/2021,13/02/2021
Qinhuangdao,Orange,26/02/2021,05/03/2021
Qinhuangdao,Orange,07/03/2021,07/03/2021
Qinhuangdao,Orange,27/10/2021,31/10/2021
Qinhuangdao,Orange,02/11/2021,06/11/2021
Qinhuangdao,Orange,24/11/2021,29/11/2021
Qinhuangdao,Orange,03/12/2021,12/12/2021
Qinhuangdao,Orange,04/01/2022,10/01/2022
Qinhuangdao,Orange,19/01/2022,26/01/2022
Handan,Orange,19/10/2018,22/10/2018
Handan,Orange,31/10/2018,04/11/2018
Handan,Orange,11/11/2018,16/11/2018
Handan,Orange,22/11/2018,03/12/2018
Handan,Orange,12/12/2018,14/12/2018
Handan,Orange,04/01/2019,25/01/2019
Handan,Orange,28/01/2019,20/02/2019
Handan,Orange,01/10/2019,05/10/2019
Handan,Orange,16/10/2019,25/10/2019
Handan,Orange,01/11/2019,10/11/2019
Handan,Orange,15/11/2019,18/11/2019
Handan,Orange,20/11/2019,24/11/2019
Handan,Orange,28/11/2019,01/12/2019
Handan,Orange,06/12/2019,23/12/2019
Handan,Orange,01/01/2020,18/01/2020
Handan,Orange,20/01/2020,24/01/2020
Handan,Orange,26/01/2020,28/01/2020
Handan,Orange,05/02/2020,14/02/2020
Handan,Orange,19/02/2020,22/02/2020
Handan,Orange,26/02/2020,01/03/2020
Handan,Orange,09/11/2020,18/11/2020
Handan,Orange,24/11/2020,27/11/2020
Handan,Orange,30/11/2020,13/12/2020
Handan,Orange,25/12/2020,27/12/2020
Handan,Orange,21/01/2021,28/01/2021
Handan,Orange,09/02/2021,12/02/2021
Handan,Orange,08/03/2021,14/03/2021
Handan,Orange,28/10/2021,07/11/2021
Handan,Orange,16/11/2021,20/11/2021
Handan,Orange,25/11/2021,30/11/2021
Handan,Orange,03/12/2021,31/12/2021
Handan,Orange,04/01/2022,30/01/2022
Xingtai,Orange,19/10/2018,23/10/2018
Xingtai,Orange,31/10/2018,05/11/2018
Xingtai,Orange,11/11/2018,16/11/2018
Xingtai,Orange,22/11/2018,04/12/2018
Xingtai,Orange,01/01/2019,19/01/2019
Xingtai,Orange,24/01/2019,03/02/2019
Xingtai,Orange,16/02/2019,20/02/2019
Xingtai,Orange,01/10/2019,04/10/2019
Xingtai,Orange,16/10/2019,25/10/2019
Xingtai,Orange,30/10/2019,10/11/2019
Xingtai,Orange,14/11/2019,17/11/2019
Xingtai,Orange,20/11/2019,24/11/2019
Xingtai,Orange,27/11/2019,01/12/2019
Xingtai,Orange,06/12/2019,24/12/2019
Xingtai,Orange,01/01/2020,04/01/2020
Xingtai,Orange,14/01/2020,17/01/2020
Xingtai,Orange,25/01/2020,26/01/2020
Xingtai,Orange,19/02/2020,01/03/2020
Xingtai,Orange,23/10/2020,27/10/2020
Xingtai,Orange,09/11/2020,18/11/2020
Xingtai,Orange,24/11/2020,27/11/2020
Xingtai,Orange,30/11/2020,12/12/2020
Xingtai,Orange,18/12/2020,28/12/2020
Xingtai,Orange,21/01/2021,28/01/2021
Xingtai,Orange,09/02/2021,15/02/2021
Xingtai,Orange,25/02/2021,16/03/2021
Xingtai,Orange,28/10/2021,07/11/2021
Xingtai,Orange,16/11/2021,19/11/2021
Xingtai,Orange,24/11/2021,30/11/2021
Xingtai,Orange,03/12/2021,06/12/2021
Xingtai,Orange,09/12/2021,15/12/2021
Xingtai,Orange,26/12/2021,31/12/2021
Xingtai,Orange,04/01/2022,31/01/2022
Baoding,Orange,19/10/2018,22/10/2018
Baoding,Orange,31/10/2018,04/11/2018
Baoding,Orange,11/11/2018,16/11/2018
Baoding,Orange,22/11/2018,03/12/2018
Baoding,Orange,12/12/2018,23/12/2018
Baoding,Orange,05/01/2019,14/01/2019
Baoding,Orange,16/02/2019,20/02/2019
Baoding,Orange,01/10/2019,04/10/2019
Baoding,Orange,16/10/2019,24/10/2019
Baoding,Orange,01/11/2019,10/11/2019
Baoding,Orange,20/11/2019,24/11/2019
Baoding,Orange,07/12/2019,10/12/2019
Baoding,Orange,13/12/2019,26/12/2019
Baoding,Orange,02/01/2020,11/01/2020
Baoding,Orange,16/01/2020,23/01/2020
Baoding,Orange,27/01/2020,27/01/2020
Baoding,Orange,05/02/2020,14/02/2020
Baoding,Orange,20/02/2020,01/03/2020
Baoding,Orange,24/10/2020,27/10/2020
Baoding,Orange,09/11/2020,18/11/2020
Baoding,Orange,23/11/2020,27/11/2020
Baoding,Orange,30/11/2020,07/12/2020
Baoding,Orange,09/12/2020,13/12/2020
Baoding,Orange,25/12/2020,29/12/2020
Baoding,Orange,23/01/2021,27/01/2021
Baoding,Orange,08/02/2021,15/02/2021
Baoding,Orange,25/02/2021,01/03/2021
Baoding,Orange,04/03/2021,15/03/2021
Baoding,Orange,28/10/2021,07/11/2021
Baoding,Orange,17/11/2021,21/11/2021
Baoding,Orange,25/11/2021,30/11/2021
Baoding,Orange,04/12/2021,06/12/2021
Baoding,Orange,08/12/2021,15/12/2021
Baoding,Orange,19/12/2021,31/12/2021
Baoding,Orange,04/01/2022,10/01/2022
Baoding,Orange,19/01/2022,30/01/2022
Chengde,Orange,24/01/2022,25/01/2022
Cangzhou,Orange,19/10/2018,22/10/2018
Cangzhou,Orange,31/10/2018,04/11/2018
Cangzhou,Orange,11/11/2018,16/11/2018
Cangzhou,Orange,22/11/2018,03/12/2018
Cangzhou,Orange,09/12/2018,31/12/2018
Cangzhou,Orange,02/01/2019,25/01/2019
Cangzhou,Orange,28/01/2019,30/01/2019
Cangzhou,Orange,16/02/2019,20/02/2019
Cangzhou,Orange,16/03/2019,20/03/2019
Cangzhou,Orange,01/10/2019,04/10/2019
Cangzhou,Orange,16/10/2019,25/10/2019
Cangzhou,Orange,01/11/2019,07/11/2019
Cangzhou,Orange,20/11/2019,24/11/2019
Cangzhou,Orange,13/12/2019,17/12/2019
Cangzhou,Orange,22/12/2019,26/12/2019
Cangzhou,Orange,02/01/2020,11/01/2020
Cangzhou,Orange,15/01/2020,17/01/2020
Cangzhou,Orange,26/01/2020,27/01/2020
Cangzhou,Orange,26/02/2020,01/03/2020
Cangzhou,Orange,23/10/2020,26/10/2020
Cangzhou,Orange,09/11/2020,18/11/2020
Cangzhou,Orange,08/12/2020,13/12/2020
Cangzhou,Orange,15/12/2020,25/12/2020
Cangzhou,Orange,03/01/2021,04/01/2021
Cangzhou,Orange,13/01/2021,15/01/2021
Cangzhou,Orange,19/01/2021,27/01/2021
Cangzhou,Orange,29/01/2021,31/01/2021
Cangzhou,Orange,07/02/2021,14/02/2021
Cangzhou,Orange,24/02/2021,28/02/2021
Cangzhou,Orange,03/03/2021,15/03/2021
Cangzhou,Orange,28/10/2021,07/11/2021
Cangzhou,Orange,25/11/2021,25/11/2021
Cangzhou,Orange,03/12/2021,06/12/2021
Cangzhou,Orange,08/12/2021,12/12/2021
Cangzhou,Orange,26/12/2021,31/12/2021
Cangzhou,Orange,04/01/2022,10/01/2022
Cangzhou,Orange,19/01/2022,30/01/2022
Langfang,Orange,19/10/2018,22/10/2018
Langfang,Orange,31/10/2018,04/11/2018
Langfang,Orange,11/11/2018,16/11/2018
Langfang,Orange,22/11/2018,03/12/2018
Langfang,Orange,12/12/2018,31/12/2018
Langfang,Orange,02/01/2019,19/01/2019
Langfang,Orange,16/02/2019,23/02/2019
Langfang,Orange,16/03/2019,31/03/2019
Langfang,Orange,01/10/2019,04/10/2019
Langfang,Orange,16/10/2019,24/10/2019
Langfang,Orange,01/11/2019,07/11/2019
Langfang,Orange,20/11/2019,24/11/2019
Langfang,Orange,13/12/2019,17/12/2019
Langfang,Orange,23/12/2019,26/12/2019
Langfang,Orange,02/01/2020,08/01/2020
Langfang,Orange,26/01/2020,01/02/2020
Langfang,Orange,05/02/2020,14/02/2020
Langfang,Orange,27/02/2020,01/03/2020
Langfang,Orange,24/10/2020,26/10/2020
Langfang,Orange,09/11/2020,18/11/2020
Langfang,Orange,09/02/2021,12/02/2021
Langfang,Orange,25/02/2021,01/03/2021
Langfang,Orange,04/03/2021,15/03/2021
Langfang,Orange,28/10/2021,07/11/2021
Langfang,Orange,17/11/2021,19/11/2021
Langfang,Orange,25/11/2021,29/11/2021
Langfang,Orange,08/12/2021,12/12/2021
Langfang,Orange,27/12/2021,31/12/2021
Langfang,Orange,04/01/2022,10/01/2022
Langfang,Orange,19/01/2022,30/01/2022
Hengshui,Orange,19/10/2018,22/10/2018
Hengshui,Orange,31/10/2018,04/11/2018
Hengshui,Orange,11/11/2018,16/11/2018
Hengshui,Orange,22/11/2018,27/11/2018
Hengshui,Orange,30/11/2018,03/12/2018
Hengshui,Orange,12/12/2018,17/12/2018
Hengshui,Orange,19/12/2018,23/12/2018
Hengshui,Orange,01/01/2019,14/01/2019
Hengshui,Orange,16/03/2019,20/03/2019
Hengshui,Orange,01/10/2019,04/10/2019
Hengshui,Orange,17/10/2019,24/10/2019
Hengshui,Orange,01/11/2019,10/11/2019
Hengshui,Orange,20/11/2019,24/11/2019
Hengshui,Orange,28/11/2019,01/12/2019
Hengshui,Orange,07/12/2019,10/12/2019
Hengshui,Orange,13/12/2019,23/12/2019
Hengshui,Orange,02/01/2020,06/01/2020
Hengshui,Orange,09/01/2020,13/01/2020
Hengshui,Orange,16/01/2020,23/01/2020
Hengshui,Orange,26/01/2020,01/02/2020
Hengshui,Orange,05/02/2020,14/02/2020
Hengshui,Orange,23/10/2020,27/10/2020
Hengshui,Orange,09/11/2020,18/11/2020
Hengshui,Orange,08/12/2020,13/12/2020
Hengshui,Orange,19/12/2020,23/12/2020
Hengshui,Orange,25/12/2020,28/12/2020
Hengshui,Orange,24/01/2021,27/01/2021
Hengshui,Orange,09/02/2021,15/02/2021
Hengshui,Orange,25/02/2021,01/03/2021
Hengshui,Orange,09/03/2021,15/03/2021
Hengshui,Orange,28/10/2021,07/11/2021
Hengshui,Orange,25/11/2021,01/12/2021
Hengshui,Orange,08/12/2021,12/12/2021
Hengshui,Orange,27/12/2021,31/12/2021
Hengshui,Orange,04/01/2022,10/01/2022
Hengshui,Orange,19/01/2022,30/01/2022
Taiyuan,Orange,01/12/2018,04/12/2018
Taiyuan,Orange,03/01/2019,05/01/2019
Taiyuan,Orange,08/01/2019,14/01/2019
Taiyuan,Orange,18/01/2019,19/01/2019
Taiyuan,Orange,05/02/2019,09/02/2019
Taiyuan,Orange,11/02/2019,14/02/2019
Taiyuan,Orange,17/02/2019,26/02/2019
Taiyuan,Orange,01/03/2019,04/03/2019
Taiyuan,Orange,01/10/2019,02/10/2019
Taiyuan,Orange,20/10/2019,23/10/2019
Taiyuan,Orange,31/10/2019,09/11/2019
Taiyuan,Orange,14/11/2019,16/11/2019
Taiyuan,Orange,05/12/2019,09/12/2019
Taiyuan,Orange,12/12/2019,16/12/2019
Taiyuan,Orange,20/12/2019,22/12/2019
Taiyuan,Orange,26/12/2019,31/12/2019
Taiyuan,Orange,04/01/2020,07/01/2020
Taiyuan,Orange,13/01/2020,15/01/2020
Taiyuan,Orange,18/01/2020,31/01/2020
Taiyuan,Orange,16/11/2020,17/11/2020
Taiyuan,Orange,25/11/2020,30/12/2020
Taiyuan,Orange,19/01/2021,26/01/2021
Taiyuan,Orange,19/01/2022,29/01/2022
Datong,Orange,01/10/2019,02/10/2019
Datong,Orange,05/01/2020,08/01/2020
Datong,Orange,14/01/2020,31/01/2020
Datong,Orange,04/11/2021,06/11/2021
Yangquan,Orange,15/11/2018,16/11/2018
Yangquan,Orange,22/11/2018,06/12/2018
Yangquan,Orange,08/12/2018,21/12/2018
Yangquan,Orange,01/01/2019,06/01/2019
Yangquan,Orange,17/01/2019,20/01/2019
Yangquan,Orange,23/01/2019,01/02/2019
Yangquan,Orange,12/02/2019,31/03/2019
Yangquan,Orange,01/10/2019,02/10/2019
Yangquan,Orange,11/10/2019,14/10/2019
Yangquan,Orange,17/10/2019,23/10/2019
Yangquan,Orange,31/10/2019,10/11/2019
Yangquan,Orange,22/11/2019,25/11/2019
Yangquan,Orange,05/12/2019,10/12/2019
Yangquan,Orange,13/12/2019,16/12/2019
Yangquan,Orange,20/12/2019,24/02/2020
Yangquan,Orange,14/11/2020,18/11/2020
Yangquan,Orange,25/11/2020,30/12/2020
Yangquan,Orange,20/01/2021,26/01/2021
Yangquan,Orange,11/03/2021,18/03/2021
Yangquan,Orange,27/01/2022,29/01/2022
Changzhi,Orange,30/11/2018,04/12/2018
Changzhi,Orange,09/12/2018,12/12/2018
Changzhi,Orange,04/01/2019,07/01/2019
Changzhi,Orange,17/01/2019,21/01/2019
Changzhi,Orange,28/01/2019,31/01/2019
Changzhi,Orange,11/02/2019,22/03/2019
Changzhi,Orange,01/10/2019,03/10/2019
Changzhi,Orange,31/10/2019,10/11/2019
Changzhi,Orange,08/12/2019,15/12/2019
Changzhi,Orange,20/12/2019,31/12/2019
Changzhi,Orange,05/01/2020,14/02/2020
Changzhi,Orange,14/11/2020,18/11/2020
Changzhi,Orange,28/11/2020,30/12/2020
Changzhi,Orange,20/01/2021,01/02/2021
Changzhi,Orange,02/11/2021,06/11/2021
Changzhi,Orange,16/11/2021,22/11/2021
Changzhi,Orange,20/01/2022,10/02/2022
Jincheng,Orange,30/11/2018,04/12/2018
Jincheng,Orange,08/12/2018,28/12/2018
Jincheng,Orange,03/01/2019,09/01/2019
Jincheng,Orange,16/02/2019,02/03/2019
Jincheng,Orange,07/03/2019,22/03/2019
Jincheng,Orange,01/10/2019,03/10/2019
Jincheng,Orange,20/10/2019,23/10/2019
Jincheng,Orange,30/10/2019,10/11/2019
Jincheng,Orange,14/11/2019,16/11/2019
Jincheng,Orange,22/11/2019,24/11/2019
Jincheng,Orange,05/12/2019,09/12/2019
Jincheng,Orange,12/12/2019,15/12/2019
Jincheng,Orange,19/12/2019,10/02/2020
Jincheng,Orange,24/11/2020,31/12/2020
Jincheng,Orange,18/01/2021,26/01/2021
Jincheng,Orange,01/11/2021,06/11/2021
Jincheng,Orange,14/11/2021,21/11/2021
Jincheng,Orange,06/12/2021,11/12/2021
Jincheng,Orange,19/01/2022,10/02/2022
Shuozhou,Orange,01/10/2019,02/10/2019
Shuozhou,Orange,04/11/2019,09/11/2019
Shuozhou,Orange,06/12/2019,09/12/2019
Shuozhou,Orange,12/12/2019,16/12/2019
Shuozhou,Orange,20/12/2019,31/12/2019
Shuozhou,Orange,10/01/2020,14/01/2020
Shuozhou,Orange,14/11/2020,18/11/2020
Shuozhou,Orange,28/11/2020,31/12/2020
Shuozhou,Orange,19/01/2021,31/01/2021
Shuozhou,Orange,19/01/2022,29/01/2022
Jinzhong,Orange,30/11/2018,03/12/2018
Jinzhong,Orange,03/01/2019,15/01/2019
Jinzhong,Orange,17/01/2019,21/01/2019
Jinzhong,Orange,26/01/2019,31/01/2019
Jinzhong,Orange,02/02/2019,15/03/2019
Jinzhong,Orange,01/10/2019,02/10/2019
Jinzhong,Orange,20/10/2019,23/10/2019
Jinzhong,Orange,31/10/2019,09/11/2019
Jinzhong,Orange,16/11/2019,16/11/2019
Jinzhong,Orange,12/12/2019,15/12/2019
Jinzhong,Orange,20/12/2019,22/12/2019
Jinzhong,Orange,25/12/2019,31/12/2019
Jinzhong,Orange,03/01/2020,11/01/2020
Jinzhong,Orange,15/01/2020,31/01/2020
Jinzhong,Orange,25/11/2020,30/12/2020
Jinzhong,Orange,20/01/2021,25/01/2021
Jinzhong,Orange,07/01/2022,10/01/2022
Jinzhong,Orange,19/01/2022,29/01/2022
Yuncheng,Orange,29/11/2018,05/12/2018
Yuncheng,Orange,30/12/2018,30/12/2018
Yuncheng,Orange,08/01/2019,15/01/2019
Yuncheng,Orange,17/01/2019,19/01/2019
Yuncheng,Orange,16/02/2019,05/03/2019
Yuncheng,Orange,01/10/2019,02/10/2019
Yuncheng,Orange,20/10/2019,24/10/2019
Yuncheng,Orange,31/10/2019,10/11/2019
Yuncheng,Orange,03/12/2019,16/12/2019
Yuncheng,Orange,19/12/2019,21/12/2019
Yuncheng,Orange,26/12/2019,31/12/2019
Yuncheng,Orange,02/01/2020,05/01/2020
Yuncheng,Orange,07/01/2020,02/02/2020
Yuncheng,Orange,08/02/2020,14/02/2020
Yuncheng,Orange,24/11/2020,30/12/2020
Yuncheng,Orange,18/01/2021,21/01/2021
Yuncheng,Orange,24/11/2021,29/11/2021
Yuncheng,Orange,03/12/2021,03/01/2022
Yuncheng,Orange,19/01/2022,10/02/2022
Xinzhou,Orange,01/10/2019,02/10/2019
Xinzhou,Orange,20/10/2019,23/10/2019
Xinzhou,Orange,31/10/2019,03/11/2019
Xinzhou,Orange,12/12/2019,15/12/2019
Xinzhou,Orange,20/12/2019,14/02/2020
Xinzhou,Orange,14/11/2020,18/11/2020
Xinzhou,Orange,28/11/2020,31/12/2020
Xinzhou,Orange,20/01/2021,01/02/2021
Xinzhou,Orange,09/02/2021,15/02/2021
Xinzhou,Orange,24/02/2021,28/02/2021
Xinzhou,Orange,06/03/2021,15/03/2021
Xinzhou,Orange,05/11/2021,06/11/2021
Xinzhou,Orange,13/11/2021,19/11/2021
Xinzhou,Orange,25/11/2021,29/11/2021
Xinzhou,Orange,07/12/2021,15/12/2021
Xinzhou,Orange,21/12/2021,10/01/2022
Xinzhou,Orange,20/01/2022,29/01/2022
Linfen,Orange,30/11/2018,04/12/2018
Linfen,Orange,09/12/2018,11/12/2018
Linfen,Orange,13/12/2018,21/12/2018
Linfen,Orange,30/12/2018,03/01/2019
Linfen,Orange,16/01/2019,20/01/2019
Linfen,Orange,23/01/2019,31/01/2019
Linfen,Orange,04/02/2019,07/02/2019
Linfen,Orange,17/02/2019,15/03/2019
Linfen,Orange,01/10/2019,02/10/2019
Linfen,Orange,20/10/2019,24/10/2019
Linfen,Orange,31/10/2019,09/11/2019
Linfen,Orange,06/12/2019,16/12/2019
Linfen,Orange,19/12/2019,21/12/2019
Linfen,Orange,26/12/2019,31/12/2019
Linfen,Orange,02/01/2020,03/01/2020
Linfen,Orange,13/01/2020,06/02/2020
Linfen,Orange,09/02/2020,14/02/2020
Linfen,Orange,13/11/2020,18/11/2020
Linfen,Orange,24/11/2020,30/12/2020
Linfen,Orange,18/01/2021,21/01/2021
Linfen,Orange,26/01/2021,26/01/2021
Linfen,Orange,06/02/2021,15/02/2021
Linfen,Orange,23/02/2021,01/03/2021
Linfen,Orange,02/11/2021,06/11/2021
Linfen,Orange,13/11/2021,21/11/2021
Linfen,Orange,25/11/2021,29/11/2021
Linfen,Orange,04/12/2021,10/01/2022
Linfen,Orange,25/01/2022,10/02/2022
Lvliang,Orange,30/11/2018,03/12/2018
Lvliang,Orange,04/01/2019,12/01/2019
Lvliang,Orange,18/01/2019,19/01/2019
Lvliang,Orange,28/01/2019,06/02/2019
Lvliang,Orange,27/02/2019,25/03/2019
Lvliang,Orange,01/10/2019,02/10/2019
Lvliang,Orange,10/10/2019,14/10/2019
Lvliang,Orange,20/10/2019,24/10/2019
Lvliang,Orange,31/10/2019,11/11/2019
Lvliang,Orange,14/11/2019,16/11/2019
Lvliang,Orange,05/12/2019,09/12/2019
Lvliang,Orange,12/12/2019,16/12/2019
Lvliang,Orange,20/12/2019,31/12/2019
Lvliang,Orange,02/01/2020,03/02/2020
Lvliang,Orange,15/11/2020,18/11/2020
Lvliang,Orange,28/11/2020,31/12/2020
Lvliang,Orange,20/01/2021,25/01/2021
Lvliang,Orange,13/11/2021,21/11/2021
Lvliang,Orange,25/11/2021,29/11/2021
Lvliang,Orange,06/12/2021,11/12/2021
Lvliang,Orange,13/12/2021,15/12/2021
Lvliang,Orange,21/12/2021,10/01/2022
Lvliang,Orange,20/01/2022,10/02/2022
Jinan,Orange,14/11/2018,15/11/2018
Jinan,Orange,23/11/2018,04/12/2018
Jinan,Orange,13/12/2018,22/12/2018
Jinan,Orange,11/01/2019,15/01/2019
Jinan,Orange,19/02/2019,28/02/2019
Jinan,Orange,02/03/2019,06/03/2019
Jinan,Orange,01/10/2019,01/10/2019
Jinan,Orange,19/10/2019,24/10/2019
Jinan,Orange,31/10/2019,03/11/2019
Jinan,Orange,21/11/2019,24/11/2019
Jinan,Orange,08/12/2019,11/12/2019
Jinan,Orange,21/12/2019,26/12/2019
Jinan,Orange,02/01/2020,07/01/2020
Jinan,Orange,09/01/2020,23/01/2020
Jinan,Orange,14/11/2020,17/11/2020
Jinan,Orange,29/11/2020,03/12/2020
Jinan,Orange,05/12/2020,09/12/2020
Jinan,Orange,14/12/2020,20/12/2020
Jinan,Orange,03/01/2021,03/01/2021
Jinan,Orange,20/01/2021,26/01/2021
Jinan,Orange,09/02/2021,13/02/2021
Jinan,Orange,10/03/2021,14/03/2021
Jinan,Orange,14/12/2021,16/12/2021
Jinan,Orange,21/12/2021,28/12/2021
Qingdao,Orange,31/10/2019,01/11/2019
Qingdao,Orange,08/12/2019,11/12/2019
Qingdao,Orange,11/12/2020,13/12/2020
Qingdao,Orange,16/12/2020,18/12/2020
Qingdao,Orange,26/12/2020,28/12/2020
Zibo,Orange,14/11/2018,15/11/2018
Zibo,Orange,23/11/2018,04/12/2018
Zibo,Orange,13/12/2018,23/12/2018
Zibo,Orange,31/12/2018,31/12/2018
Zibo,Orange,10/01/2019,15/01/2019
Zibo,Orange,19/02/2019,06/03/2019
Zibo,Orange,01/10/2019,01/10/2019
Zibo,Orange,19/10/2019,25/10/2019
Zibo,Orange,31/10/2019,07/11/2019
Zibo,Orange,21/11/2019,24/11/2019
Zibo,Orange,07/12/2019,12/12/2019
Zibo,Orange,20/12/2019,27/12/2019
Zibo,Orange,02/01/2020,06/01/2020
Zibo,Orange,09/01/2020,23/01/2020
Zibo,Orange,13/11/2020,17/11/2020
Zibo,Orange,29/11/2020,10/12/2020
Zibo,Orange,15/12/2020,20/12/2020
Zibo,Orange,20/01/2021,25/01/2021
Zibo,Orange,09/02/2021,14/02/2021
Zibo,Orange,09/03/2021,18/03/2021
Zibo,Orange,26/10/2021,31/10/2021
Zibo,Orange,15/11/2021,21/11/2021
Zibo,Orange,09/12/2021,12/12/2021
Zibo,Orange,14/12/2021,17/12/2021
Zibo,Orange,20/12/2021,28/12/2021
Zibo,Orange,05/01/2022,10/01/2022
Zaozhuang,Orange,01/10/2019,01/10/2019
Zaozhuang,Orange,22/10/2019,25/10/2019
Zaozhuang,Orange,31/10/2019,10/11/2019
Zaozhuang,Orange,21/11/2019,24/11/2019
Zaozhuang,Orange,08/12/2019,17/12/2019
Zaozhuang,Orange,21/12/2019,30/12/2019
Zaozhuang,Orange,14/11/2020,17/11/2020
Zaozhuang,Orange,30/11/2020,23/12/2020
Zaozhuang,Orange,20/01/2021,28/01/2021
Zaozhuang,Orange,09/02/2021,14/02/2021
Zaozhuang,Orange,17/11/2021,21/11/2021
Zaozhuang,Orange,14/12/2021,17/12/2021
Zaozhuang,Orange,20/12/2021,28/12/2021
Dongying,Orange,01/10/2019,01/10/2019
Dongying,Orange,20/10/2019,24/10/2019
Dongying,Orange,31/10/2019,03/11/2019
Dongying,Orange,21/11/2019,24/11/2019
Dongying,Orange,08/12/2019,17/12/2019
Dongying,Orange,20/12/2019,29/12/2019
Dongying,Orange,14/11/2020,17/11/2020
Dongying,Orange,05/12/2020,09/12/2020
Dongying,Orange,13/12/2020,17/12/2020
Dongying,Orange,20/12/2020,26/12/2020
Dongying,Orange,20/01/2021,26/01/2021
Dongying,Orange,09/02/2021,13/02/2021
Dongying,Orange,10/03/2021,16/03/2021
Yantai,Orange,22/10/2019,25/10/2019
Yantai,Orange,31/10/2019,01/11/2019
Yantai,Orange,07/12/2019,11/12/2019
Yantai,Orange,20/12/2019,25/12/2019
Yantai,Orange,16/11/2020,17/11/2020
Yantai,Orange,10/12/2020,13/12/2020
Yantai,Orange,16/12/2020,18/12/2020
Yantai,Orange,20/12/2020,28/12/2020
Yantai,Orange,10/03/2021,15/03/2021
Yantai,Orange,20/12/2021,28/12/2021
Weifang,Orange,01/10/2019,03/10/2019
Weifang,Orange,21/10/2019,25/10/2019
Weifang,Orange,31/10/2019,10/11/2019
Weifang,Orange,21/11/2019,24/11/2019
Weifang,Orange,06/12/2019,30/12/2019
Weifang,Orange,05/12/2020,20/12/2020
Weifang,Orange,20/01/2021,25/01/2021
Weifang,Orange,06/01/2022,10/01/2022
Jining,Orange,09/11/2018,09/11/2018
Jining,Orange,14/11/2018,15/11/2018
Jining,Orange,23/11/2018,04/12/2018
Jining,Orange,13/12/2018,23/12/2018
Jining,Orange,31/12/2018,31/12/2018
Jining,Orange,10/01/2019,15/01/2019
Jining,Orange,19/02/2019,27/02/2019
Jining,Orange,02/03/2019,06/03/2019
Jining,Orange,01/10/2019,03/10/2019
Jining,Orange,19/10/2019,25/10/2019
Jining,Orange,31/10/2019,10/11/2019
Jining,Orange,21/11/2019,24/11/2019
Jining,Orange,08/12/2019,17/12/2019
Jining,Orange,20/12/2019,29/12/2019
Jining,Orange,02/01/2020,06/01/2020
Jining,Orange,09/01/2020,24/01/2020
Jining,Orange,14/11/2020,18/11/2020
Jining,Orange,23/11/2020,02/12/2020
Jining,Orange,05/12/2020,09/12/2020
Jining,Orange,16/12/2020,20/12/2020
Jining,Orange,03/01/2021,05/01/2021
Jining,Orange,20/01/2021,24/01/2021
Jining,Orange,09/02/2021,14/02/2021
Jining,Orange,10/03/2021,14/03/2021
Jining,Orange,04/11/2021,05/11/2021
Jining,Orange,16/11/2021,20/11/2021
Jining,Orange,25/11/2021,27/11/2021
Jining,Orange,03/12/2021,06/12/2021
Jining,Orange,14/12/2021,16/12/2021
Jining,Orange,20/12/2021,28/12/2021
Jining,Orange,06/01/2022,10/01/2022
Taian,Orange,01/10/2019,01/10/2019
Taian,Orange,19/10/2019,25/10/2019
Taian,Orange,31/10/2019,03/11/2019
Taian,Orange,20/11/2019,24/11/2019
Taian,Orange,06/12/2019,15/12/2019
Taian,Orange,19/12/2019,30/12/2019
Taian,Orange,24/11/2020,26/11/2020
Taian,Orange,29/11/2020,02/12/2020
Taian,Orange,05/12/2020,13/12/2020
Taian,Orange,16/12/2020,21/12/2020
Taian,Orange,03/01/2021,05/01/2021
Taian,Orange,20/01/2021,26/01/2021
Taian,Orange,09/02/2021,14/02/2021
Taian,Orange,19/12/2021,28/12/2021
Weihai,Orange,31/10/2019,02/11/2019
Weihai,Orange,26/12/2020,28/12/2020
Rizhao,Orange,01/10/2019,01/10/2019
Rizhao,Orange,31/10/2019,02/11/2019
Rizhao,Orange,14/11/2020,17/11/2020
Rizhao,Orange,01/12/2020,03/12/2020
Rizhao,Orange,05/12/2020,11/12/2020
Rizhao,Orange,16/12/2020,20/12/2020
Rizhao,Orange,20/01/2021,24/01/2021
Linyi,Orange,01/10/2019,01/10/2019
Linyi,Orange,19/10/2019,25/10/2019
Linyi,Orange,31/10/2019,03/11/2019
Linyi,Orange,06/12/2019,16/12/2019
Linyi,Orange,20/12/2019,30/12/2019
Linyi,Orange,14/11/2020,17/11/2020
Linyi,Orange,05/12/2020,15/12/2020
Linyi,Orange,20/01/2021,26/01/2021
Linyi,Orange,09/02/2021,13/02/2021
Linyi,Orange,26/10/2021,01/11/2021
Linyi,Orange,16/11/2021,21/11/2021
Linyi,Orange,02/12/2021,07/12/2021
Linyi,Orange,14/12/2021,28/12/2021
Dezhou,Orange,01/11/2018,04/11/2018
Dezhou,Orange,14/11/2018,15/11/2018
Dezhou,Orange,23/11/2018,04/12/2018
Dezhou,Orange,13/12/2018,22/12/2018
Dezhou,Orange,31/12/2018,31/12/2018
Dezhou,Orange,10/01/2019,15/01/2019
Dezhou,Orange,18/02/2019,06/03/2019
Dezhou,Orange,01/10/2019,01/10/2019
Dezhou,Orange,19/10/2019,25/10/2019
Dezhou,Orange,31/10/2019,04/11/2019
Dezhou,Orange,08/12/2019,11/12/2019
Dezhou,Orange,21/12/2019,26/12/2019
Dezhou,Orange,02/01/2020,06/01/2020
Dezhou,Orange,09/01/2020,24/01/2020
Dezhou,Orange,14/11/2020,17/11/2020
Dezhou,Orange,05/12/2020,28/12/2020
Dezhou,Orange,20/01/2021,26/01/2021
Dezhou,Orange,09/02/2021,14/02/2021
Dezhou,Orange,10/03/2021,14/03/2021
Dezhou,Orange,15/12/2021,16/12/2021
Dezhou,Orange,06/01/2022,10/01/2022
Liaocheng,Orange,01/11/2018,04/11/2018
Liaocheng,Orange,14/11/2018,15/11/2018
Liaocheng,Orange,23/11/2018,03/12/2018
Liaocheng,Orange,13/12/2018,23/12/2018
Liaocheng,Orange,31/12/2018,31/12/2018
Liaocheng,Orange,11/01/2019,15/01/2019
Liaocheng,Orange,18/02/2019,28/02/2019
Liaocheng,Orange,02/03/2019,06/03/2019
Liaocheng,Orange,19/10/2019,25/10/2019
Liaocheng,Orange,31/10/2019,03/11/2019
Liaocheng,Orange,08/12/2019,11/12/2019
Liaocheng,Orange,02/01/2020,07/01/2020
Liaocheng,Orange,09/01/2020,23/01/2020
Liaocheng,Orange,14/11/2020,17/11/2020
Liaocheng,Orange,30/11/2020,10/12/2020
Liaocheng,Orange,16/12/2020,20/12/2020
Liaocheng,Orange,20/01/2021,24/01/2021
Liaocheng,Orange,09/02/2021,14/02/2021
Liaocheng,Orange,10/03/2021,14/03/2021
Liaocheng,Orange,18/11/2021,20/11/2021
Liaocheng,Orange,15/12/2021,17/12/2021
Liaocheng,Orange,20/12/2021,28/12/2021
Liaocheng,Orange,05/01/2022,10/01/2022
Binzhou,Orange,14/11/2018,15/11/2018
Binzhou,Orange,23/11/2018,03/12/2018
Binzhou,Orange,13/12/2018,23/12/2018
Binzhou,Orange,31/12/2018,31/12/2018
Binzhou,Orange,11/01/2019,15/01/2019
Binzhou,Orange,21/02/2019,06/03/2019
Binzhou,Orange,01/10/2019,01/10/2019
Binzhou,Orange,31/10/2019,02/11/2019
Binzhou,Orange,08/12/2019,11/12/2019
Binzhou,Orange,21/12/2019,26/12/2019
Binzhou,Orange,14/11/2020,17/11/2020
Binzhou,Orange,11/12/2020,11/12/2020
Binzhou,Orange,15/12/2020,28/12/2020
Binzhou,Orange,20/01/2021,26/01/2021
Binzhou,Orange,09/02/2021,13/02/2021
Binzhou,Orange,10/03/2021,14/03/2021
Binzhou,Orange,15/12/2021,16/12/2021
Binzhou,Orange,20/12/2021,28/12/2021
Binzhou,Orange,04/01/2022,10/01/2022
Heze,Orange,01/11/2018,04/11/2018
Heze,Orange,14/11/2018,15/11/2018
Heze,Orange,23/11/2018,04/12/2018
Heze,Orange,12/12/2018,23/12/2018
Heze,Orange,31/12/2018,31/12/2018
Heze,Orange,11/01/2019,15/01/2019
Heze,Orange,29/01/2019,31/01/2019
Heze,Orange,18/02/2019,27/02/2019
Heze,Orange,02/03/2019,06/03/2019
Heze,Orange,19/10/2019,25/10/2019
Heze,Orange,31/10/2019,06/11/2019
Heze,Orange,08/12/2019,12/12/2019
Heze,Orange,20/12/2019,27/12/2019
Heze,Orange,02/01/2020,06/01/2020
Heze,Orange,09/01/2020,24/01/2020
Heze,Orange,14/11/2020,17/11/2020
Heze,Orange,30/11/2020,03/12/2020
Heze,Orange,05/12/2020,10/12/2020
Heze,Orange,14/12/2020,20/12/2020
Heze,Orange,03/01/2021,05/01/2021
Heze,Orange,19/01/2021,23/01/2021
Heze,Orange,09/02/2021,13/02/2021
Heze,Orange,10/03/2021,14/03/2021
Heze,Orange,17/11/2021,20/11/2021
Heze,Orange,14/12/2021,16/12/2021
Heze,Orange,05/01/2022,10/01/2022
Zhengzhou,Orange,29/11/2018,05/12/2018
Zhengzhou,Orange,10/12/2018,20/12/2018
Zhengzhou,Orange,29/12/2018,04/01/2019
Zhengzhou,Orange,10/01/2019,11/01/2019
Zhengzhou,Orange,16/01/2019,21/01/2019
Zhengzhou,Orange,24/01/2019,13/02/2019
Zhengzhou,Orange,18/02/2019,21/02/2019
Zhengzhou,Orange,01/03/2019,12/03/2019
Zhengzhou,Orange,14/03/2019,16/03/2019
Zhengzhou,Orange,01/10/2019,04/10/2019
Zhengzhou,Orange,18/10/2019,27/10/2019
Zhengzhou,Orange,31/10/2019,10/11/2019
Zhengzhou,Orange,16/11/2019,01/12/2019
Zhengzhou,Orange,04/12/2019,18/12/2019
Zhengzhou,Orange,01/01/2020,23/01/2020
Zhengzhou,Orange,10/11/2020,18/11/2020
Zhengzhou,Orange,22/11/2020,23/12/2020
Zhengzhou,Orange,18/01/2021,21/01/2021
Zhengzhou,Orange,07/02/2021,15/02/2021
Zhengzhou,Orange,24/11/2021,29/11/2021
Zhengzhou,Orange,21/12/2021,24/12/2021
Zhengzhou,Orange,04/01/2022,10/01/2022
Kaifeng,Orange,29/11/2018,06/12/2018
Kaifeng,Orange,09/12/2018,09/12/2018
Kaifeng,Orange,12/12/2018,04/01/2019
Kaifeng,Orange,17/01/2019,22/01/2019
Kaifeng,Orange,27/01/2019,22/02/2019
Kaifeng,Orange,03/03/2019,31/03/2019
Kaifeng,Orange,18/10/2019,27/10/2019
Kaifeng,Orange,01/11/2019,10/11/2019
Kaifeng,Orange,18/11/2019,12/12/2019
Kaifeng,Orange,01/01/2020,05/02/2020
Kaifeng,Orange,10/11/2020,18/11/2020
Kaifeng,Orange,22/11/2020,10/12/2020
Kaifeng,Orange,13/12/2020,23/12/2020
Kaifeng,Orange,18/01/2021,21/01/2021
Kaifeng,Orange,27/01/2021,15/02/2021
Kaifeng,Orange,02/11/2021,07/11/2021
Kaifeng,Orange,24/11/2021,29/11/2021
Kaifeng,Orange,20/12/2021,24/12/2021
Kaifeng,Orange,04/01/2022,10/01/2022
Luoyang,Orange,29/11/2018,06/12/2018
Luoyang,Orange,15/12/2018,26/12/2018
Luoyang,Orange,30/12/2018,23/02/2019
Luoyang,Orange,03/03/2019,13/03/2019
Luoyang,Orange,01/10/2019,02/10/2019
Luoyang,Orange,18/10/2019,21/10/2019
Luoyang,Orange,31/10/2019,07/11/2019
Luoyang,Orange,15/11/2019,11/12/2019
Luoyang,Orange,17/12/2019,19/12/2019
Luoyang,Orange,09/01/2020,09/01/2020
Luoyang,Orange,10/11/2020,18/11/2020
Luoyang,Orange,22/11/2020,23/12/2020
Luoyang,Orange,18/01/2021,21/01/2021
Luoyang,Orange,26/01/2021,26/01/2021
Luoyang,Orange,07/02/2021,15/02/2021
Luoyang,Orange,24/11/2021,29/11/2021
Luoyang,Orange,21/12/2021,24/12/2021
Luoyang,Orange,04/01/2022,10/01/2022
Pingdingshan,Orange,18/10/2019,27/10/2019
Pingdingshan,Orange,02/11/2019,10/11/2019
Pingdingshan,Orange,19/11/2019,25/11/2019
Pingdingshan,Orange,04/12/2019,31/12/2019
Pingdingshan,Orange,10/11/2020,18/11/2020
Pingdingshan,Orange,22/11/2020,23/12/2020
Pingdingshan,Orange,18/01/2021,21/01/2021
Pingdingshan,Orange,07/02/2021,15/02/2021
Pingdingshan,Orange,02/11/2021,07/11/2021
Pingdingshan,Orange,23/11/2021,30/11/2021
Pingdingshan,Orange,06/12/2021,15/12/2021
Pingdingshan,Orange,21/12/2021,24/12/2021
Pingdingshan,Orange,04/01/2022,10/01/2022
Anyang,Orange,29/11/2018,06/12/2018
Anyang,Orange,10/12/2018,05/01/2019
Anyang,Orange,18/01/2019,22/02/2019
Anyang,Orange,08/03/2019,31/03/2019
Anyang,Orange,18/10/2019,27/10/2019
Anyang,Orange,31/10/2019,10/11/2019
Anyang,Orange,15/11/2019,11/12/2019
Anyang,Orange,01/01/2020,14/01/2020
Anyang,Orange,27/01/2020,05/02/2020
Anyang,Orange,10/11/2020,18/11/2020
Anyang,Orange,22/11/2020,06/12/2020
Anyang,Orange,13/12/2020,23/12/2020
Anyang,Orange,18/01/2021,21/01/2021
Anyang,Orange,27/01/2021,15/02/2021
Anyang,Orange,09/03/2021,15/03/2021
Anyang,Orange,29/10/2021,08/11/2021
Anyang,Orange,17/11/2021,28/12/2021
Anyang,Orange,04/01/2022,10/01/2022
Hebi,Orange,29/11/2018,06/12/2018
Hebi,Orange,13/12/2018,25/12/2018
Hebi,Orange,29/12/2018,11/01/2019
Hebi,Orange,13/01/2019,22/02/2019
Hebi,Orange,11/03/2019,31/03/2019
Hebi,Orange,18/10/2019,27/10/2019
Hebi,Orange,31/10/2019,10/11/2019
Hebi,Orange,15/11/2019,14/12/2019
Hebi,Orange,01/01/2020,23/01/2020
Hebi,Orange,30/01/2020,05/02/2020
Hebi,Orange,10/11/2020,18/11/2020
Hebi,Orange,22/11/2020,07/12/2020
Hebi,Orange,18/01/2021,21/01/2021
Hebi,Orange,27/01/2021,15/02/2021
Hebi,Orange,09/03/2021,15/03/2021
Hebi,Orange,02/11/2021,07/11/2021
Hebi,Orange,23/11/2021,29/11/2021
Hebi,Orange,06/12/2021,15/12/2021
Hebi,Orange,20/12/2021,24/12/2021
Hebi,Orange,04/01/2022,10/01/2022
Xinxiang,Orange,04/12/2018,06/12/2018
Xinxiang,Orange,09/12/2018,04/01/2019
Xinxiang,Orange,22/01/2019,20/02/2019
Xinxiang,Orange,15/03/2019,31/03/2019
Xinxiang,Orange,18/10/2019,10/12/2019
Xinxiang,Orange,15/12/2019,25/12/2019
Xinxiang,Orange,01/01/2020,23/01/2020
Xinxiang,Orange,03/02/2020,05/02/2020
Xinxiang,Orange,10/11/2020,18/11/2020
Xinxiang,Orange,22/11/2020,07/12/2020
Xinxiang,Orange,13/12/2020,23/12/2020
Xinxiang,Orange,18/01/2021,21/01/2021
Xinxiang,Orange,27/01/2021,15/02/2021
Xinxiang,Orange,09/03/2021,15/03/2021
Xinxiang,Orange,02/11/2021,24/11/2021
Xinxiang,Orange,24/12/2021,28/12/2021
Xinxiang,Orange,04/01/2022,10/01/2022
Jiaozuo,Orange,29/11/2018,06/12/2018
Jiaozuo,Orange,12/12/2018,26/12/2018
Jiaozuo,Orange,29/12/2018,21/02/2019
Jiaozuo,Orange,03/03/2019,16/03/2019
Jiaozuo,Orange,18/10/2019,27/10/2019
Jiaozuo,Orange,31/10/2019,01/12/2019
Jiaozuo,Orange,04/12/2019,10/12/2019
Jiaozuo,Orange,17/12/2019,22/12/2019
Jiaozuo,Orange,01/01/2020,23/01/2020
Jiaozuo,Orange,10/11/2020,18/11/2020
Jiaozuo,Orange,22/11/2020,07/12/2020
Jiaozuo,Orange,15/12/2020,23/12/2020
Jiaozuo,Orange,18/01/2021,21/01/2021
Jiaozuo,Orange,07/02/2021,15/02/2021
Jiaozuo,Orange,09/03/2021,15/03/2021
Jiaozuo,Orange,02/11/2021,06/11/2021
Jiaozuo,Orange,23/11/2021,29/11/2021
Jiaozuo,Orange,06/12/2021,15/12/2021
Jiaozuo,Orange,20/12/2021,24/12/2021
Jiaozuo,Orange,04/01/2022,10/01/2022
Puyang,Orange,29/11/2018,04/12/2018
Puyang,Orange,13/12/2018,25/12/2018
Puyang,Orange,30/12/2018,04/01/2019
Puyang,Orange,22/01/2019,22/02/2019
Puyang,Orange,15/03/2019,31/03/2019
Puyang,Orange,18/10/2019,27/10/2019
Puyang,Orange,14/11/2019,09/12/2019
Puyang,Orange,01/01/2020,10/01/2020
Puyang,Orange,10/11/2020,18/11/2020
Puyang,Orange,22/11/2020,09/12/2020
Puyang,Orange,18/01/2021,21/01/2021
Puyang,Orange,07/02/2021,15/02/2021
Puyang,Orange,09/03/2021,15/03/2021
Puyang,Orange,30/10/2021,08/11/2021
Puyang,Orange,15/11/2021,20/11/2021
Puyang,Orange,05/12/2021,15/12/2021
Puyang,Orange,21/12/2021,24/12/2021
Puyang,Orange,03/01/2022,10/01/2022
Xuchang,Orange,01/10/2019,03/10/2019
Xuchang,Orange,18/10/2019,27/10/2019
Xuchang,Orange,02/11/2019,15/11/2019
Xuchang,Orange,19/11/2019,01/12/2019
Xuchang,Orange,04/12/2019,19/12/2019
Xuchang,Orange,10/11/2020,18/11/2020
Xuchang,Orange,22/11/2020,08/12/2020
Xuchang,Orange,18/01/2021,21/01/2021
Xuchang,Orange,27/01/2021,15/02/2021
Xuchang,Orange,23/11/2021,29/11/2021
Xuchang,Orange,20/12/2021,24/12/2021
Xuchang,Orange,04/01/2022,10/01/2022
Luohe,Orange,01/10/2019,02/10/2019
Luohe,Orange,22/10/2019,27/10/2019
Luohe,Orange,02/11/2019,10/11/2019
Luohe,Orange,19/11/2019,20/12/2019
Luohe,Orange,10/11/2020,18/11/2020
Luohe,Orange,29/11/2020,11/12/2020
Luohe,Orange,15/12/2020,23/12/2020
Luohe,Orange,18/01/2021,21/01/2021
Luohe,Orange,27/01/2021,15/02/2021
Luohe,Orange,23/11/2021,24/12/2021
Luohe,Orange,03/01/2022,10/01/2022
Sanmenxia,Orange,29/11/2018,06/12/2018
Sanmenxia,Orange,14/12/2018,25/12/2018
Sanmenxia,Orange,31/12/2018,04/01/2019
Sanmenxia,Orange,22/02/2019,01/03/2019
Sanmenxia,Orange,07/03/2019,14/03/2019
Sanmenxia,Orange,01/10/2019,02/10/2019
Sanmenxia,Orange,01/11/2019,10/11/2019
Sanmenxia,Orange,19/11/2019,31/12/2019
Sanmenxia,Orange,09/01/2020,09/01/2020
Sanmenxia,Orange,10/11/2020,18/11/2020
Sanmenxia,Orange,22/11/2020,23/12/2020
Sanmenxia,Orange,18/01/2021,21/01/2021
Sanmenxia,Orange,07/02/2021,15/02/2021
Sanmenxia,Orange,23/11/2021,29/11/2021
Sanmenxia,Orange,21/12/2021,24/12/2021
Sanmenxia,Orange,04/01/2022,10/01/2022
Nanyang,Orange,01/10/2019,02/10/2019
Nanyang,Orange,22/10/2019,27/10/2019
Nanyang,Orange,04/11/2019,10/11/2019
Nanyang,Orange,19/11/2019,25/11/2019
Nanyang,Orange,04/12/2019,31/12/2019
Nanyang,Orange,10/11/2020,18/11/2020
Nanyang,Orange,29/11/2020,23/12/2020
Nanyang,Orange,18/01/2021,21/01/2021
Nanyang,Orange,07/02/2021,15/02/2021
Nanyang,Orange,23/11/2021,29/11/2021
Nanyang,Orange,21/12/2021,24/12/2021
Nanyang,Orange,04/01/2022,10/01/2022
Shangqiu,Orange,01/10/2019,02/10/2019
Shangqiu,Orange,18/10/2019,27/10/2019
Shangqiu,Orange,02/11/2019,10/11/2019
Shangqiu,Orange,19/11/2019,31/12/2019
Shangqiu,Orange,10/11/2020,18/11/2020
Shangqiu,Orange,29/11/2020,23/12/2020
Shangqiu,Orange,22/01/2021,15/02/2021
Shangqiu,Orange,21/12/2021,24/12/2021
Shangqiu,Orange,04/01/2022,20/01/2022
Xinyang,Orange,01/10/2019,02/10/2019
Xinyang,Orange,22/10/2019,27/10/2019
Xinyang,Orange,11/12/2019,16/12/2019
Xinyang,Orange,19/12/2019,31/12/2019
Xinyang,Orange,10/11/2020,18/11/2020
Xinyang,Orange,29/11/2020,23/12/2020
Xinyang,Orange,22/01/2021,26/01/2021
Xinyang,Orange,07/02/2021,15/02/2021
Xinyang,Orange,21/12/2021,24/12/2021
Xinyang,Orange,04/01/2022,10/01/2022
Zhoukou,Orange,01/10/2019,02/10/2019
Zhoukou,Orange,22/10/2019,27/10/2019
Zhoukou,Orange,02/11/2019,10/11/2019
Zhoukou,Orange,19/11/2019,31/12/2019
Zhoukou,Orange,10/11/2020,18/11/2020
Zhoukou,Orange,29/11/2020,08/12/2020
Zhoukou,Orange,22/01/2021,31/01/2021
Zhoukou,Orange,07/02/2021,15/02/2021
Zhoukou,Orange,21/12/2021,24/12/2021
Zhoukou,Orange,04/01/2022,10/01/2022
Zhumadian,Orange,01/10/2019,02/10/2019
Zhumadian,Orange,22/10/2019,27/10/2019
Zhumadian,Orange,02/11/2019,10/11/2019
Zhumadian,Orange,19/11/2019,29/11/2019
Zhumadian,Orange,04/12/2019,31/12/2019
Zhumadian,Orange,10/11/2020,18/11/2020
Zhumadian,Orange,29/11/2020,29/12/2020
Zhumadian,Orange,22/01/2021,26/01/2021
Zhumadian,Orange,07/02/2021,15/02/2021
Zhumadian,Orange,21/12/2021,24/12/2021
Zhumadian,Orange,04/01/2022,12/01/2022
Zhumadian,Orange,17/01/2022,21/01/2022
Shijiazhuang,Red,09/12/2018,23/12/2018
Shijiazhuang,Red,17/01/2020,19/01/2020
Tangshan,Red,01/03/2019,13/03/2019
Handan,Red,21/02/2019,26/03/2019
Handan,Red,24/12/2019,31/12/2019
Handan,Red,19/01/2020,19/01/2020
Handan,Red,29/01/2020,01/02/2020
Xingtai,Red,10/12/2018,31/12/2018
Xingtai,Red,21/02/2019,25/03/2019
Xingtai,Red,25/12/2019,31/12/2019
Xingtai,Red,05/01/2020,13/01/2020
Xingtai,Red,18/01/2020,24/01/2020
Xingtai,Red,27/01/2020,15/02/2020
Baoding,Red,21/02/2019,31/03/2019
Baoding,Red,28/01/2020,01/02/2020
Cangzhou,Red,21/02/2019,13/03/2019
Cangzhou,Red,18/01/2020,23/01/2020
Cangzhou,Red,28/01/2020,17/02/2020
Cangzhou,Red,26/12/2020,28/12/2020
Cangzhou,Red,26/11/2021,29/11/2021
Langfang,Red,24/02/2019,13/03/2019
Hengshui,Red,16/02/2019,13/03/2019
Hengshui,Red,24/12/2019,26/12/2019
Taiyuan,Red,06/01/2019,07/01/2019
Taiyuan,Red,27/02/2019,28/02/2019
Taiyuan,Red,23/12/2019,25/12/2019
Taiyuan,Red,08/01/2020,12/01/2020
Taiyuan,Red,16/01/2020,17/01/2020
Datong,Red,09/01/2020,13/01/2020
Yangquan,Red,07/01/2019,14/01/2019
Changzhi,Red,08/01/2019,15/01/2019
Jinzhong,Red,23/12/2019,24/12/2019
Jinzhong,Red,12/01/2020,14/01/2020
Yuncheng,Red,22/12/2019,25/12/2019
Yuncheng,Red,22/01/2021,26/01/2021
Yuncheng,Red,04/01/2022,10/01/2022
Linfen,Red,04/01/2019,15/01/2019
Linfen,Red,22/12/2019,25/12/2019
Linfen,Red,04/01/2020,12/01/2020
Linfen,Red,22/01/2021,25/01/2021
Jinan,Red,10/12/2020,13/12/2020
Jinan,Red,21/12/2020,28/12/2020
Zibo,Red,11/12/2020,14/12/2020
Zibo,Red,21/12/2020,28/12/2020
Zibo,Red,26/01/2021,26/01/2021
Zaozhuang,Red,24/12/2020,28/12/2020
Dongying,Red,10/12/2020,12/12/2020
Dongying,Red,27/12/2020,28/12/2020
Weifang,Red,21/12/2020,28/12/2020
Weifang,Red,26/01/2021,26/01/2021
Jining,Red,10/12/2020,13/12/2020
Jining,Red,21/12/2020,28/12/2020
Jining,Red,25/01/2021,26/01/2021
Taian,Red,22/12/2020,28/12/2020
Rizhao,Red,12/12/2020,13/12/2020
Rizhao,Red,21/12/2020,28/12/2020
Linyi,Red,16/12/2020,28/12/2020
Liaocheng,Red,01/10/2019,01/10/2019
Liaocheng,Red,20/12/2019,29/12/2019
Liaocheng,Red,11/12/2020,13/12/2020
Liaocheng,Red,21/12/2020,28/12/2020
Liaocheng,Red,25/01/2021,26/01/2021
Binzhou,Red,12/12/2020,13/12/2020
Heze,Red,01/10/2019,01/10/2019
Heze,Red,11/12/2020,13/12/2020
Heze,Red,21/12/2020,28/12/2020
Heze,Red,24/01/2021,28/01/2021
Zhengzhou,Red,21/12/2018,26/12/2018
Zhengzhou,Red,05/01/2019,09/01/2019
Zhengzhou,Red,12/01/2019,15/01/2019
Zhengzhou,Red,22/02/2019,28/02/2019
Zhengzhou,Red,19/12/2019,31/12/2019
Zhengzhou,Red,24/12/2020,29/12/2020
Zhengzhou,Red,22/01/2021,26/01/2021
Kaifeng,Red,05/01/2019,16/01/2019
Kaifeng,Red,23/02/2019,02/03/2019
Kaifeng,Red,01/10/2019,02/10/2019
Kaifeng,Red,13/12/2019,31/12/2019
Kaifeng,Red,11/12/2020,12/12/2020
Kaifeng,Red,24/12/2020,29/12/2020
Kaifeng,Red,22/01/2021,26/01/2021
Luoyang,Red,24/02/2019,28/02/2019
Luoyang,Red,22/10/2019,27/10/2019
Luoyang,Red,08/11/2019,10/11/2019
Luoyang,Red,12/12/2019,16/12/2019
Luoyang,Red,20/12/2019,31/12/2019
Luoyang,Red,24/12/2020,29/12/2020
Luoyang,Red,22/01/2021,25/01/2021
Pingdingshan,Red,24/12/2020,29/12/2020
Pingdingshan,Red,22/01/2021,26/01/2021
Anyang,Red,06/01/2019,17/01/2019
Anyang,Red,23/02/2019,07/03/2019
Anyang,Red,01/10/2019,02/10/2019
Anyang,Red,12/12/2019,31/12/2019
Anyang,Red,15/01/2020,23/01/2020
Anyang,Red,07/12/2020,12/12/2020
Anyang,Red,24/12/2020,29/12/2020
Anyang,Red,22/01/2021,26/01/2021
Hebi,Red,12/01/2019,12/01/2019
Hebi,Red,23/02/2019,10/03/2019
Hebi,Red,01/10/2019,02/10/2019
Hebi,Red,15/12/2019,31/12/2019
Hebi,Red,08/12/2020,29/12/2020
Hebi,Red,22/01/2021,26/01/2021
Xinxiang,Red,29/11/2018,03/12/2018
Xinxiang,Red,05/01/2019,21/01/2019
Xinxiang,Red,21/02/2019,14/03/2019
Xinxiang,Red,01/10/2019,03/10/2019
Xinxiang,Red,11/12/2019,14/12/2019
Xinxiang,Red,26/12/2019,31/12/2019
Xinxiang,Red,08/12/2020,12/12/2020
Xinxiang,Red,24/12/2020,29/12/2020
Xinxiang,Red,22/01/2021,26/01/2021
Xinxiang,Red,25/11/2021,29/11/2021
Xinxiang,Red,06/12/2021,15/12/2021
Xinxiang,Red,21/12/2021,23/12/2021
Jiaozuo,Red,22/02/2019,02/03/2019
Jiaozuo,Red,01/10/2019,02/10/2019
Jiaozuo,Red,11/12/2019,16/12/2019
Jiaozuo,Red,23/12/2019,31/12/2019
Jiaozuo,Red,08/12/2020,14/12/2020
Jiaozuo,Red,24/12/2020,29/12/2020
Jiaozuo,Red,22/01/2021,26/01/2021
Puyang,Red,05/01/2019,21/01/2019
Puyang,Red,23/02/2019,14/03/2019
Puyang,Red,01/10/2019,02/10/2019
Puyang,Red,31/10/2019,13/11/2019
Puyang,Red,10/12/2019,31/12/2019
Puyang,Red,11/01/2020,05/02/2020
Puyang,Red,10/12/2020,29/12/2020
Puyang,Red,22/01/2021,06/02/2021
Puyang,Red,24/11/2021,30/11/2021
Xuchang,Red,20/12/2019,31/12/2019
Xuchang,Red,09/12/2020,29/12/2020
Xuchang,Red,22/01/2021,26/01/2021
Luohe,Red,21/12/2019,31/12/2019
Luohe,Red,12/12/2020,14/12/2020
Luohe,Red,24/12/2020,29/12/2020
Luohe,Red,22/01/2021,26/01/2021
Sanmenxia,Red,05/01/2019,16/01/2019
Sanmenxia,Red,24/12/2020,29/12/2020
Sanmenxia,Red,22/01/2021,26/01/2021
Nanyang,Red,24/12/2020,29/12/2020
Nanyang,Red,22/01/2021,26/01/2021
Shangqiu,Red,24/12/2020,29/12/2020
Xinyang,Red,24/12/2020,29/12/2020
Zhoukou,Red,09/12/2020,29/12/2020